num_poste,datouvr,datferm,commune,nom_usuel,lieu_dit,lat_dms,lon_dms,latitude,longitude,lambx,lamby,lambx_100,lamby_100,latitude_calc,longitude_calc,alti,oaci,type_poste_actuel,
98711001,01-Jan-1952,31-Mar-1965,ANAA,ANAA,TUUHORA VILLAGE,"17°21'0""S","145°30'12""W",-17.350000,-145.503333,12984,80661,12983.92,80660.62,-17.35,-145.50333333,2,null,4,
98711002,11-Dec-2012,null,ANAA,ANAA1,null,"17°21'25""S","145°30'30""W",-17.357000,-145.508333,12978,80653,12978.27,80653.04,-17.35694444,-145.50833333,3,null,1,
98711600,01-Jun-2008,null,ANAA,ANAA,ANAA,"17°30'0""S","145°30'0""W",-17.500000,-145.500000,12981,80493,12980.90,80493.36,-17.5,-145.5,0,null,7,
98711601,20-Aug-2010,null,ANAA,PT-TAHITI-OUEST-TUAMOTU,PT-TAHITI-OUEST-TUAMOTU,"17°30'0""S","147°30'0""W",-17.500000,-147.500000,10846,80567,10846.28,80566.51,-17.5,-147.5,0,null,7,
98712001,01-Sep-1975,null,ARUE,TETIAROA 1,MOTU ONETAHI,"17°0'52""S","149°35'8""W",-17.014333,-149.585500,8636,81157,8636.17,81156.64,-17.01444444,-149.58555556,2,null,1,
98712002,01-Sep-2001,01-Jun-2013,ARUE,TETIAROA AUTO,MOTU REIONO,"17°2'59""S","149°32'43""W",-17.049667,-149.545333,8678,81117,8678.30,81116.74,-17.04972222,-149.54527778,13,null,2,
98712003,23-Feb-2006,31-Dec-2020,ARUE,ARUE 3,Lotissement ERIMA,"17°32'6""S","149°31'28""W",-17.535000,-149.524500,8691,80579,8690.79,80578.60,-17.535,-149.52444444,180,null,4,
98712004,01-May-2017,null,ARUE,ARUE 4,Police Municipale Arue,"17°31'29""S","149°31'7""W",-17.524667,-149.518667,8697,80590,8697.20,80589.93,-17.52472222,-149.51861111,15,null,4,
98712005,01-Feb-1934,01-Jan-1935,ARUE,ARUE 1,ARAHIRI,"17°31'18""S","149°32'22""W",-17.521667,-149.539333,8675,80594,8675.29,80593.66,-17.52166667,-149.53944444,2,null,4,
98713001,01-Feb-1954,31-Aug-1960,ARUTUA,ARUTUA,RAUTINI VILLAGE,"15°18'24""S","146°37'24""W",-15.306667,-146.623333,11858,82976,11858.07,82976.30,-15.30666667,-146.62333333,3,null,4,
98713002,01-Feb-1952,28-Feb-2017,ARUTUA,KAUKURA,Tevaimarii,"15°40'23""S","146°52'22""W",-15.673167,-146.872833,11577,82577,11577.15,82576.69,-15.67305556,-146.87277778,2,null,4,
98713003,01-Aug-2014,31-Dec-2014,ARUTUA,APATAKI,Niutahi,"15°34'4""S","146°24'44""W",-15.567833,-146.412167,12077,82679,12077.11,82678.93,-15.56777778,-146.41222222,2,null,4,
98714001,21-Nov-1950,30-Nov-2016,BORA-BORA,FAANUI 1,SOCIETE,"16°29'23""S","151°45'30""W",-16.489667,-151.758333,6325,81765,6325.34,81764.70,-16.48972222,-151.75833333,8,null,4,
98714002,01-Jan-1976,null,BORA-BORA,BORA-BORA-MOTU-AERO,AERODROME SOCIETE,"16°26'43""S","151°45'7""W",-16.445167,-151.752000,6332,81814,6332.40,81813.89,-16.44527778,-151.75194444,3,NTTB,0,
98714003,01-Sep-1982,30-Sep-1994,BORA-BORA,NUNUE 1,POINTE MATIRA,"16°32'48""S","151°43'60""W",-16.546667,-151.733333,6352,81701,6351.63,81701.46,-16.54666667,-151.73333333,1,null,4,
98714004,01-Feb-1994,31-Dec-1997,BORA-BORA,NUNUE 2,POINTE MATIRA,"16°32'36""S","151°43'60""W",-16.543333,-151.733333,6352,81705,6351.65,81705.15,-16.54333333,-151.73333333,1,null,4,
98714005,01-Feb-1994,01-May-2020,BORA-BORA,ANAU 1,FAAOPORE,"16°31'37""S","151°43'33""W",-16.526833,-151.725833,6360,81723,6359.77,81723.36,-16.52694444,-151.72583333,10,null,4,
98714006,01-Jul-2000,28-Feb-2001,BORA-BORA,ANAU 2,ANAU VILLAGE,"16°30'18""S","151°43'12""W",-16.505000,-151.720000,6366,81747,6366.15,81747.47,-16.505,-151.72,2,null,4,
98714007,01-Oct-2000,null,BORA-BORA,NUNUE 3,POVAI,"16°30'49""S","151°43'53""W",-16.513500,-151.731500,6354,81738,6353.82,81738.15,-16.51361111,-151.73138889,7,null,3,
98714008,01-Oct-2001,01-May-2020,BORA-BORA,FAANUI 2,TIIPOTO,"16°28'44""S","151°45'5""W",-16.478833,-151.751333,6333,81777,6332.88,81776.64,-16.47888889,-151.75138889,5,null,4,
98714009,01-Dec-2011,null,BORA-BORA,ANAU3,CET de Anau,"16°29'13""S","151°43'17""W",-16.487000,-151.721500,6365,81767,6364.68,81767.40,-16.48694444,-151.72138889,93,null,3,
98714600,01-Jun-2008,null,BORA-BORA,NORD-BORA-BORA,NORD-BORA-BORA,"16°0'0""S","151°30'0""W",-16.000000,-151.500000,6605,82305,6605.10,82304.64,-16,-151.5,0,null,7,
98715001,01-Mar-1949,31-Dec-1957,FAAA,FAAA 1,AUAE,"17°32'54""S","149°34'60""W",-17.548333,-149.583333,8628,80565,8627.99,80564.96,-17.54833333,-149.58333333,2,null,4,
98715002,01-Jul-1957,null,FAAA,FAAA,Motu Tahiri,"17°33'19""S","149°36'52""W",-17.555167,-149.614333,8595,80558,8594.90,80557.98,-17.55527778,-149.61444444,2,NTAA,0,
98715003,01-Dec-1967,null,FAAA,FAAA 3,PAMATAI LABO GEOPHYSIQUE,"17°34'0""S","149°34'24""W",-17.566667,-149.573333,8638,80544,8638.25,80544.46,-17.56666667,-149.57333333,338,null,2,
98715004,01-Sep-1977,31-Dec-1989,FAAA,FAAA 4,MONT MARAU 1,"17°35'36""S","149°34'18""W",-17.593333,-149.571667,8639,80515,8639.49,80514.88,-17.59333333,-149.57166667,710,null,4,
98715005,01-Sep-1977,31-Dec-1993,FAAA,FAAA 5,MONT MARAU 2 ORSTOM,"17°36'42""S","149°31'60""W",-17.611667,-149.533333,8680,80494,8679.85,80493.82,-17.61166667,-149.53333333,1420,null,3,
98715006,01-Nov-1980,31-Dec-1982,FAAA,FAAA 6,PURAI CES FAAA,"17°33'42""S","149°35'54""W",-17.561667,-149.598333,8612,80550,8611.78,80550.47,-17.56166667,-149.59833333,94,null,4,
98715007,24-Dec-1853,31-Jul-1931,FAAA,PAPEETE-HOPITAL,Hopital VAIAMI,"17°32'35""S","149°34'12""W",-17.543000,-149.570000,8642,80571,8642.27,80570.61,-17.54305556,-149.57,2,null,4,
98715008,01-Oct-1987,null,FAAA,MARAU P0,null,"17°36'30""S","149°32'8""W",-17.608333,-149.535500,8678,80498,8677.61,80497.56,-17.60833333,-149.53555556,1400,null,3,
98715009,01-Dec-1995,null,FAAA,MATATIA P3,null,"17°35'44""S","149°34'4""W",-17.595500,-149.567833,8644,80512,8643.52,80512.40,-17.59555556,-149.56777778,1050,null,3,
98715501,01-Jul-1957,null,FAAA,PAPEETE_MIR987,Papeete CMIR,"17°33'19""S","149°36'52""W",-17.555167,-149.614333,8595,80558,8594.90,80557.98,-17.55527778,-149.61444444,2,null,6,
98715600,01-Jun-2008,null,FAAA,SUD-OUEST TAHITI,SUD-OUEST TAHITI,"18°0'0""S","150°7'0""W",-18.000000,-150.116667,8054,80074,8053.55,80074.14,-18,-150.11666667,0,null,7,
98715700,02-Oct-2018,null,FAAA,FAAA_RS,null,"17°33'18""S","149°36'53""W",-17.555000,-149.614667,8595,80558,8594.55,80558.17,-17.555,-149.61472222,2,NTAA,6,
98716001,01-Jun-1957,31-Oct-1960,FAKARAVA,NIAU,TUPANA VILLAGE,"16°7'54""S","146°19'54""W",-16.131667,-146.331667,12144,82049,12143.89,82048.91,-16.13166667,-146.33166667,5,null,4,
98716002,01-Jun-1906,null,FAKARAVA,FAKARAVA,ROTOAVA VILLAGE,"16°6'25""S","145°36'25""W",-16.106833,-145.607000,12925,82050,12924.73,82049.85,-16.10694444,-145.60694444,2,null,4,
98716600,01-Jun-2008,null,FAKARAVA,SUD NIAU,SUD NIAU,"16°30'0""S","146°30'0""W",-16.500000,-146.500000,11950,81645,11949.77,81645.03,-16.5,-146.5,0,null,7,
98717001,12-May-2005,31-Dec-2017,FANGATAU,FAKAHINA,TENANAKO,"15°58'50""S","140°10'11""W",-15.980500,-140.169667,18828,81901,18828.16,81900.52,-15.98055556,-140.16972222,4,null,4,
98718001,01-Oct-1959,null,FATU-HIVA,OMOA,OMOA VILLAGE,"10°31'0""S","138°40'54""W",-10.516667,-138.681667,20823,88008,20822.85,88007.92,-10.51666667,-138.68166667,4,null,2,
98718002,01-Oct-1997,null,FATU-HIVA,HANAVAVE,HANAVAVE VILLAGE,"10°27'29""S","138°39'32""W",-10.458167,-138.658833,20852,88073,20851.68,88073.35,-10.45805556,-138.65888889,10,null,4,
98718600,01-Jun-2008,null,FATU-HIVA,FATU-HIVA,FATU-HIVA,"10°30'0""S","139°0'0""W",-10.500000,-139.000000,20465,88043,20465.16,88043.39,-10.5,-139,0,null,7,
98718601,20-Aug-2010,null,FATU-HIVA,PT-NORD-EST-TUAMOTU,PT-NORD-EST-TUAMOTU,"12°30'0""S","137°30'0""W",-12.500000,-137.500000,22032,85674,22032.45,85673.56,-12.5,-137.5,0,null,7,
98719001,01-Dec-1935,30-Nov-1967,GAMBIER,RIKITEA,VIVIER DU ROI,"23°7'6""S","134°58'0""W",-23.118333,-134.966667,23680,73253,23679.67,73252.54,-23.11833333,-134.96666667,2,null,4,
98719002,01-Jul-1966,31-May-1968,GAMBIER,MANGAREVA TAKU,TAKU,"23°5'54""S","134°57'36""W",-23.098333,-134.960000,23690,73275,23689.66,73274.56,-23.09833333,-134.96,134,null,4,
98719003,01-May-1966,31-May-1967,GAMBIER,ILES ACTEON,MATUREAIVAVAO,"21°27'30""S","136°24'30""W",-21.458333,-136.408333,22370,75333,22369.92,75332.66,-21.45833333,-136.40833333,1,null,4,
98719004,01-Jun-1958,30-Apr-1980,GAMBIER,MANGAREVA-AERO,TOTEGEGIE,"23°5'54""S","134°52'12""W",-23.098333,-134.870000,23785,73262,23785.08,73262.33,-23.09833333,-134.87,2,null,0,
98719005,01-Apr-1980,null,GAMBIER,MANGAREVA,Atituiti,"23°7'49""S","134°57'55""W",-23.130167,-134.965333,23679,73239,23679.35,73238.81,-23.13027778,-134.96527778,91,null,0,
98719006,01-Apr-2001,null,GAMBIER,ATIAOA,TUAPARAPARA,"23°7'12""S","134°59'28""W",-23.120000,-134.991167,17359,73918,17359.39,73917.91,-23.12,-134.99111111,10,null,4,
98719600,01-Jun-2008,null,GAMBIER,SUD GAMBIER,SUD GAMBIER,"23°30'0""S","135°0'0""W",-23.500000,-135.000000,23588,72820,23588.11,72819.91,-23.5,-135,0,null,7,
98719601,20-Aug-2010,null,GAMBIER,PT-GAMBIER,PT-GAMBIER,"22°30'0""S","132°30'0""W",-22.500000,-132.500000,26411,73608,26410.52,73607.64,-22.5,-132.5,0,null,7,
98720001,01-Mar-1960,26-Sep-2016,HAO,HEREHERETUE,FAREIKA,"19°54'22""S","144°56'58""W",-19.906167,-144.949333,13448,77786,13448.25,77785.72,-19.90611111,-144.94944444,2,null,0,
98720002,01-Feb-1962,null,HAO,HAO AERO,AERODROME,"18°3'47""S","140°57'40""W",-18.063000,-140.961167,17817,79606,17817.38,79606.24,-18.06305556,-140.96111111,5,NTTO,0,
98720600,01-Jun-2008,null,HAO,NUKUTEPIPI,NUKUTEPIPI,"20°30'0""S","143°30'0""W",-20.500000,-143.500000,14941,77041,14940.76,77041.11,-20.5,-143.5,0,null,7,
98720601,01-Jun-2008,null,HAO,OUEST HAO,OUEST HAO,"18°0'0""S","141°30'0""W",-18.000000,-141.500000,17242,79715,17241.71,79714.59,-18,-141.5,0,null,7,
98720602,20-Aug-2010,null,HAO,PT-SUD-TUAMOTU,PT-SUD-TUAMOTU,"22°30'0""S","142°30'0""W",-22.500000,-142.500000,15843,74735,15843.42,74734.79,-22.5,-142.5,0,null,7,
98721001,01-Jun-1952,31-Oct-1968,HIKUERU,HIKUERU,TUPAPATI VILLAGE,"17°32'36""S","142°40'0""W",-17.543333,-142.666667,16017,80301,16016.64,80301.35,-17.54333333,-142.66666667,3,null,4,
98721600,20-Aug-2010,null,HIKUERU,PT-CENTRE-TUAMOTU,PT-CENTRE-TUAMOTU,"17°30'0""S","142°30'0""W",-17.500000,-142.500000,16199,80340,16198.68,80340.02,-17.5,-142.5,0,null,7,
98722001,01-Aug-1948,31-Dec-1995,HITIAA O TE RA,HITIAA 1,VALLEE FAAITI,"17°36'24""S","149°18'18""W",-17.606667,-149.305000,8923,80495,8922.60,80494.77,-17.60666667,-149.305,3,null,4,
98722002,01-Oct-1949,31-Jul-1991,HITIAA O TE RA,TIAREI 1,TIAREI,"17°32'48""S","149°20'48""W",-17.546667,-149.346667,8880,80562,8879.60,80562.12,-17.54666667,-149.34666667,2,null,4,
98722003,01-Nov-1953,null,HITIAA O TE RA,PAPENOO 1,plateau Atohei,"17°30'47""S","149°25'32""W",-17.513167,-149.425500,8796,80601,8796.49,80600.84,-17.51305556,-149.42555556,41,null,2,
98722004,01-Oct-1970,31-Jul-1996,HITIAA O TE RA,PAPENOO 2,PLATEAU ATOHEI,"17°30'42""S","149°26'6""W",-17.511667,-149.435000,8786,80603,8786.42,80602.69,-17.51166667,-149.435,116,null,4,
98722005,01-Jan-1971,null,HITIAA O TE RA,TIAREI 2,Ecole TEVAIHOPU,"17°32'34""S","149°20'52""W",-17.543667,-149.341667,8885,80565,8884.98,80565.34,-17.54277778,-149.34777778,2,null,2,
98722006,01-Jan-1989,null,HITIAA O TE RA,HITIAA 2,RIVIERE DE FAATAUTIA,"17°37'48""S","149°20'10""W",-17.630000,-149.336000,8889,80470,8889.15,80469.55,-17.63,-149.33611111,500,null,3,
98722007,01-Nov-1993,31-Dec-2010,HITIAA O TE RA,TIAREI 3,ECOLE DE TIAREI,"17°31'52""S","149°22'60""W",-17.531167,-149.383333,8841,80580,8840.95,80580.04,-17.53111111,-149.38333333,2,null,4,
98722011,01-Feb-1996,30-Apr-1999,HITIAA O TE RA,HITIAA 3,MAIRIE DE HITIAA,"17°34'60""S","149°18'0""W",-17.583333,-149.300000,8928,80521,8928.42,80520.53,-17.58333333,-149.3,1,null,4,
98722013,01-Oct-1999,null,HITIAA O TE RA,HITIAA 4,TERUAITI,"17°38'13""S","149°18'29""W",-17.636833,-149.308167,8919,80461,8918.58,80461.40,-17.63694444,-149.30805556,2,null,4,
98722014,15-Feb-2008,null,HITIAA O TE RA,PAPENOO 3,Faaripo,"17°30'53""S","149°26'32""W",-17.514833,-149.442333,8779,80599,8778.56,80599.33,-17.51472222,-149.44222222,53,null,4,
98722015,05-Oct-2010,null,HITIAA O TE RA,PAPENOO 4,Vainavenave,"17°39'13""S","149°25'21""W",-17.653667,-149.422500,8797,80445,8796.74,80445.09,-17.65361111,-149.4225,370,null,3,
98722016,01-May-2014,null,HITIAA O TE RA,MAHAENA 1,FAAITI,"17°33'53""S","149°19'51""W",-17.564667,-149.330833,8896,80542,8896.05,80541.85,-17.56472222,-149.33083333,5,null,4,
98722017,01-Mar-2004,null,HITIAA O TE RA,FAATAHI P1,null,"17°34'16""S","149°19'12""W",-17.571000,-149.320000,8907,80535,8907.43,80534.61,-17.57111111,-149.32,6,null,3,
98722018,01-Jun-1989,null,HITIAA O TE RA,PAPENOO P2,null,"17°34'2""S","149°26'10""W",-17.567333,-149.436167,8784,80541,8784.02,80541.03,-17.56722222,-149.43611111,210,null,3,
98722019,01-Mar-2004,null,HITIAA O TE RA,TARETA P1,null,"17°32'41""S","149°20'32""W",-17.544667,-149.342333,8884,80564,8884.25,80564.25,-17.54472222,-149.34222222,4,null,3,
98722020,01-Mar-2004,null,HITIAA O TE RA,HITIAA P7 C1000,null,"17°38'6""S","149°22'0""W",-17.635000,-149.366667,8856,80465,8856.46,80464.64,-17.635,-149.36666667,1000,null,3,
98722021,01-Feb-1994,null,HITIAA O TE RA,PAPENOO P9,null,"17°38'35""S","149°26'49""W",-17.643000,-149.447000,8771,80457,8770.93,80457.40,-17.64305556,-149.44694444,350,null,3,
98722022,01-Feb-1987,null,HITIAA O TE RA,HITIAA P3,null,"17°37'34""S","149°19'15""W",-17.626167,-149.320833,8905,80473,8905.35,80473.49,-17.62611111,-149.32083333,385,null,3,
98722023,01-Oct-1985,null,HITIAA O TE RA,HITIAA P1 C700,null,"17°37'39""S","149°21'26""W",-17.627500,-149.357167,8867,80473,8866.71,80472.76,-17.6275,-149.35722222,700,null,3,
98722024,01-Aug-2003,null,HITIAA O TE RA,PAPEIHA P1,null,"17°39'7""S","149°19'10""W",-17.651833,-149.319333,8906,80445,8906.39,80445.01,-17.65194444,-149.31944444,15,null,3,
98722025,01-Mar-2004,null,HITIAA O TE RA,PAPEIVI P1,null,"17°34'52""S","149°19'51""W",-17.581167,-149.330833,8896,80524,8895.69,80523.56,-17.58111111,-149.33083333,254,null,3,
98722026,28-May-2018,null,HITIAA O TE RA,HITIAA 5,null,"17°36'5""S","149°18'7""W",-17.601333,-149.301833,8926,80501,8926.08,80500.62,-17.60138889,-149.30194444,3,null,1,
98723001,01-May-1930,null,HIVA-OA,HIVA-OA,Pointe Feki dite au pointe CalÃƒÂ©do,"9°48'22""S","139°2'8""W",-9.806000,-139.035667,20460,88835,20459.62,88834.54,-9.80611111,-139.03555556,51,null,0,
98723002,01-Dec-1961,30-Sep-1986,HIVA-OA,HANAPAAOA,HANAPAAOA VILLAGE,"9°45'30""S","138°58'6""W",-9.758333,-138.968333,20538,88886,20537.90,88885.55,-9.75833333,-138.96833333,8,null,4,
98723003,01-Dec-1961,null,HIVA-OA,HANAIAPA,HANAIAPA VILLAGE,"9°43'23""S","139°0'35""W",-9.723000,-139.009833,20493,88928,20492.76,88927.73,-9.72305556,-139.00972222,15,null,2,
98723004,01-Dec-1961,null,HIVA-OA,PUAMAU,PUAMAU VILLAGE,"9°46'0""S","138°52'34""W",-9.766667,-138.876000,20642,88872,20641.74,88871.64,-9.76666667,-138.87611111,106,null,2,
98723600,01-Jun-2008,null,HIVA-OA,FATU-HUKU,FATU-HUKU,"9°30'0""S","139°0'0""W",-9.500000,-139.000000,20514,89181,20514.43,89180.98,-9.5,-139,0,null,7,
98724001,01-Oct-1959,null,HUAHINE,FARE,Direction de l'Agriculture,"16°43'26""S","151°1'42""W",-16.723833,-151.028333,7102,81499,7102.19,81499.32,-16.72388889,-151.02833333,14,null,2,
98724002,01-Aug-1982,30-Nov-1992,HUAHINE,FAIE,FAIE VILLAGE,"16°43'60""S","150°59'30""W",-16.733333,-150.991667,7141,81488,7141.19,81488.41,-16.73333333,-150.99166667,3,null,4,
98724003,01-Sep-1992,null,HUAHINE,HUAHINE - AERO,AERODROMME HUAHINE,"16°41'20""S","151°1'37""W",-16.689000,-151.026833,7104,81538,7104.17,81537.86,-16.68888889,-151.02694444,5,null,2,
98724004,01-Jan-1993,30-Nov-1994,HUAHINE,PAREA 1,VILLAGE DE PAREA,"16°48'42""S","150°8'54""W",-16.811667,-150.148333,8040,81391,8039.60,81390.68,-16.81166667,-150.14833333,2,null,4,
98724005,01-Jan-1994,31-Aug-1994,HUAHINE,MAEVA,MOTU PAPITI,"16°42'54""S","150°8'48""W",-16.715000,-150.146667,8043,81498,8042.91,81497.70,-16.715,-150.14666667,1,null,4,
98724006,01-Jan-1997,null,HUAHINE,MAROE,TETAHORA,"16°44'48""S","151°0'18""W",-16.746667,-151.005000,7127,81474,7126.82,81473.80,-16.74666667,-151.005,3,null,4,
98724007,01-Jul-1999,null,HUAHINE,PAREA 2,RELAIS MAHANA,"16°49'5""S","150°59'18""W",-16.818167,-150.988333,7144,81394,7143.79,81394.48,-16.81805556,-150.98833333,2,null,2,
98724008,01-Jan-2012,31-Oct-2017,HUAHINE,TEFARERII,Motu Taiahau,"16°46'27""S","150°57'3""W",-16.774167,-150.950833,7184,81443,7184.27,81442.78,-16.77416667,-150.95083333,2,null,4,
98725001,01-Dec-1973,30-Jun-2013,MAHINA,MAHINA 1,MAHINARAMA,"17°31'54""S","149°28'36""W",-17.531667,-149.476667,8742,80581,8741.71,80581.36,-17.53166667,-149.47666667,270,null,4,
98725003,01-Jun-1997,31-Jan-2020,MAHINA,MAHINA 3,POINTE VENUS,"17°29'43""S","149°29'32""W",-17.495333,-149.492333,8726,80622,8725.80,80621.92,-17.49527778,-149.49222222,3,null,4,
98725005,01-Apr-2004,31-Dec-2011,MAHINA,MAHINA 5,MATAVAI LOT SOCREDO,"17°30'12""S","149°29'6""W",-17.503333,-149.485000,8733,80613,8733.43,80612.91,-17.50333333,-149.485,5,null,4,
98725006,01-Mar-2011,28-Feb-2021,MAHINA,MAHINA 6,Taharaa,"17°30'48""S","149°30'1""W",-17.513333,-149.500333,8717,80602,8716.93,80602.13,-17.51333333,-149.50027778,46,null,4,
98725007,01-Jul-2013,30-Sep-2016,MAHINA,MAHINA7,Mahinarama,"17°32'17""S","149°28'32""W",-17.538167,-149.475500,8743,80574,8742.82,80574.13,-17.53805556,-149.47555556,500,null,4,
98725008,30-Jun-2015,null,MAHINA,MAHINA 8,Dirisi,"17°30'22""S","149°28'60""W",-17.506167,-149.483333,8735,80610,8735.15,80609.74,-17.50611111,-149.48333333,10,null,1,
98725009,01-Dec-1992,null,MAHINA,TUAURU P0,null,"17°32'45""S","149°28'27""W",-17.545833,-149.474167,8744,80566,8744.08,80565.61,-17.54583333,-149.47416667,560,null,3,
98725010,29-Aug-2022,null,MAHINA,MAHINA 9,CitÃƒÂ© Jay,"17°31'32""S","149°29'34""W",-17.525500,-149.492667,8725,80589,8724.83,80588.50,-17.52555556,-149.49277778,278,null,2,
98726001,01-Apr-1954,31-Aug-2015,MAKEMO,MAKEMO,POUHEVA VILLAGE,"16°37'20""S","143°34'10""W",-16.622167,-143.569500,15097,81383,15096.86,81382.94,-16.62222222,-143.56944444,2,null,4,
98726002,01-Apr-2018,null,MAKEMO,MAKEMO 1,PUPUAIHERE,"16°37'31""S","143°35'7""W",-16.625333,-143.585167,15080,81380,15079.79,81380.20,-16.62527778,-143.58527778,2,null,4,
98727001,01-Sep-1992,null,MANIHI,MANIHI AERO,MANIHI AERODROME,"14°26'12""S","146°4'18""W",-14.436667,-146.071667,12484,83926,12484.01,83926.40,-14.43666667,-146.07166667,4,null,4,
98727002,01-Apr-1993,31-May-1994,MANIHI,AHE,TENUKUPARA VILLAGE,"14°31'42""S","146°21'12""W",-14.528333,-146.353333,12176,83833,12175.55,83833.47,-14.52833333,-146.35333333,2,null,4,
98727600,20-Aug-2010,null,MANIHI,PT-NORD-OUEST-TUAMOTU,PT-NORD-OUEST-TUAMOTU,"12°30'0""S","147°30'0""W",-12.500000,-147.500000,10985,86119,10984.62,86119.09,-12.5,-147.5,0,null,7,
98728001,01-Aug-1982,null,MAUPITI,PETEI,Ecole primaire de PETEI,"16°26'59""S","152°14'55""W",-16.449667,-152.248667,5802,81812,5802.09,81811.53,-16.44972222,-152.24861111,2,null,2,
98728003,01-Dec-1994,31-Jul-1997,MAUPITI,MOPELIA 2,ILE DE MOPELIA,"16°48'0""S","153°55'60""W",-16.800000,-153.933333,4005,81423,4005.40,81423.13,-16.8,-153.93333333,1,null,4,
98728004,01-Apr-1952,05-Mar-1981,MAUPITI,MOPELIA,METEO MOPELIA,"16°46'18""S","153°56'48""W",-16.771667,-153.946667,3991,81454,3991.05,81454.41,-16.77166667,-153.94666667,2,null,0,
98728600,01-Jun-2008,null,MAUPITI,EST MOPELIA,EST MOPELIA,"16°30'0""S","153°30'0""W",-16.500000,-153.500000,4466,81757,4466.37,81756.68,-16.5,-153.5,0,null,7,
98728601,20-Aug-2010,null,MAUPITI,PT-ISLES-SOUS-LE-VENT,PT-ISLES-SOUS-LE-VENT,"17°30'0""S","152°30'0""W",-17.500000,-152.500000,5531,80650,5530.81,80650.38,-17.5,-152.5,0,null,7,
98729001,01-Oct-1958,31-May-1989,MOOREA-MAIAO,AFAREIATU 1,ILE DE MOOREA,"17°33'6""S","149°47'30""W",-17.551667,-149.791667,8407,80565,8406.51,80565.13,-17.55166667,-149.79166667,2,null,4,
98729002,01-Oct-1959,01-Jun-2012,MOOREA-MAIAO,HAAPITI 1,MAIRIE HAAPITI,"17°33'54""S","149°52'6""W",-17.565000,-149.868333,8325,80552,8324.80,80551.72,-17.565,-149.86833333,2,null,4,
98729003,01-Nov-1959,null,MOOREA-MAIAO,PAOPAO 1,QUARTIER PUTUA,"17°31'24""S","149°48'42""W",-17.523333,-149.811667,8386,80597,8385.78,80596.88,-17.52333333,-149.81166667,100,null,2,
98729004,01-Oct-1959,31-Dec-1977,MOOREA-MAIAO,PAPETOAI 1,POINTE TAIARI,"17°29'42""S","149°52'18""W",-17.495000,-149.871667,8323,80629,8322.53,80629.32,-17.495,-149.87166667,2,null,4,
98729005,01-Jan-1970,31-May-1989,MOOREA-MAIAO,PAPETOAI 2,COLLEGE OPUNOHU,"17°31'42""S","149°50'60""W",-17.528333,-149.850000,8345,80592,8344.95,80592.02,-17.52833333,-149.85,90,null,4,
98729006,01-Jan-1973,31-May-1979,MOOREA-MAIAO,PAOPAO 2,VILLAGE BAIE DE PAOPAO,"17°30'36""S","149°49'18""W",-17.510000,-149.821667,8375,80612,8375.40,80611.82,-17.51,-149.82166667,2,null,4,
98729007,01-Jan-1977,null,MOOREA-MAIAO,AFAREAITU 2,AFAREAITU     SDR,"17°32'56""S","149°47'29""W",-17.548833,-149.791333,8407,80568,8406.92,80568.26,-17.54888889,-149.79138889,10,null,2,
98729008,01-Jan-1979,null,MOOREA-MAIAO,PAPETOAI 3,OPUNOHU SDR,"17°31'47""S","149°50'8""W",-17.529667,-149.835667,8360,80590,8360.16,80590.29,-17.52972222,-149.83555556,83,null,4,
98729009,01-Jan-1980,null,MOOREA-MAIAO,MOOREA-AERO,TEAVARO AERODROMME DE TEMAE,"17°29'11""S","149°45'58""W",-17.486333,-149.766167,8435,80637,8434.84,80637.05,-17.48638889,-149.76611111,5,null,2,
98729010,01-Dec-1993,null,MOOREA-MAIAO,PAPETOAI 4,OPUNOHU EPHE,"17°31'16""S","149°50'57""W",-17.521167,-149.849167,8346,80600,8345.97,80599.94,-17.52111111,-149.84916667,17,null,2,
98729011,01-Dec-1993,30-Apr-2000,MOOREA-MAIAO,HAAPITI 2,POINTE AHURU,"17°30'0""S","149°55'6""W",-17.500000,-149.918333,8273,80625,8272.84,80624.59,-17.5,-149.91833333,4,null,4,
98729012,01-Mar-2000,null,MOOREA-MAIAO,HAAPITI 3,TETAIUO,"17°31'7""S","149°54'3""W",-17.518667,-149.900833,8291,80604,8291.10,80603.61,-17.51861111,-149.90083333,5,null,4,
98729013,23-Nov-2007,30-Nov-2020,MOOREA-MAIAO,TEAVARO 2,spea pk2,"17°30'33""S","149°46'11""W",-17.509167,-149.769667,2059,80620,2058.89,80619.54,-17.50916667,-149.76972222,7,null,4,
98729014,23-Nov-2007,31-Aug-2009,MOOREA-MAIAO,HAAPITI 4,pointe Tepee,"17°29'27""S","149°53'43""W",-17.490833,-149.895333,1925,80638,1925.04,80637.85,-17.49083333,-149.89527778,2,null,4,
98729015,01-Nov-2011,null,MOOREA-MAIAO,HAAPITI5,Nuuroa,"17°31'59""S","149°54'1""W",-17.533000,-149.900167,8292,80588,8291.55,80587.72,-17.53305556,-149.90027778,15,null,1,
98729016,01-Jun-2012,31-Mar-2014,MOOREA-MAIAO,HAAPITI 6,null,"17°32'9""S","149°53'29""W",-17.535833,-149.891333,8301,80584,8300.89,80584.43,-17.53583333,-149.89138889,5,null,4,
98729017,01-May-2015,31-Dec-2015,MOOREA-MAIAO,ATIHA,Taia,"17°35'28""S","149°50'11""W",-17.591167,-149.836500,8358,80522,8358.14,80522.18,-17.59111111,-149.83638889,5,null,4,
98729018,01-Apr-1986,null,MOOREA-MAIAO,VAIANAE P3,null,"17°33'42""S","149°50'47""W",-17.561667,-149.846333,8348,80555,8348.23,80555.03,-17.56166667,-149.84638889,70,null,3,
98729019,01-Oct-2022,null,MOOREA-MAIAO,VAIANAE 1,Quartier Papai,"17°34'29""S","149°51'10""W",-17.574833,-149.852667,8341,80541,8341.26,80540.56,-17.57472222,-149.85277778,3,null,4,
98729600,01-Jun-2008,null,MOOREA-MAIAO,NORD-MOOREA,NORD-MOOREA,"17°0'0""S","150°0'0""W",-17.000000,-150.000000,8195,81180,8194.65,81179.75,-17,-150,0,null,7,
98730001,01-Oct-1955,31-May-1961,NAPUKA,NAPUKA METEO,TEPUKAMARUIA ECOLE,"14°9'48""S","141°16'12""W",-14.163333,-141.270000,17738,84020,17737.85,84019.57,-14.16333333,-141.27,2,null,0,
98730003,01-Jun-2001,null,NAPUKA,NAPUKA,TEPUKAMARUIA VILLAGE,"14°9'57""S","141°16'7""W",-14.165833,-141.268500,17739,84017,17739.35,84016.67,-14.16583333,-141.26861111,2,null,4,
98730600,01-Jun-2008,null,NAPUKA,NORD-EST-TUAMOTU,NORD-EST-TUAMOTU,"14°30'0""S","140°30'0""W",-14.500000,-140.500000,18565,83595,18564.65,83594.73,-14.5,-140.5,0,null,7,
98730601,20-Aug-2010,null,NAPUKA,PT-NORD-TUAMOTU,PT-NORD-TUAMOTU,"12°30'0""S","142°30'0""W",-12.500000,-142.500000,16468,85952,16467.84,85952.07,-12.5,-142.5,0,null,7,
98731001,01-Jan-1948,31-Dec-1978,NUKU-HIVA,TAIOHAE POSTE,TAIOHAE VILLAGE POSTE,"8°55'0""S","140°5'35""W",-8.916667,-140.093000,19307,89891,19306.78,89890.51,-8.91666667,-140.09305556,12,null,4,
98731002,01-Aug-1961,null,NUKU-HIVA,HATIHEU,HATIHEU VILLAGE,"8°49'25""S","140°4'32""W",-8.823500,-140.075500,19330,89995,19330.24,89995.37,-8.82361111,-140.07555556,6,null,2,
98731003,01-Aug-1961,null,NUKU-HIVA,TAIPIVAI,TAIPIVAI VILLAGE,"8°52'11""S","140°3'31""W",-8.869667,-140.058667,19347,89942,19347.36,89942.39,-8.86972222,-140.05861111,10,null,2,
98731004,01-Sep-1972,30-Jun-1973,NUKU-HIVA,EIAO,EIAO MOUKTIKETIKE,"8°0'0""S","140°40'0""W",-8.000000,-140.666667,18694,90949,18694.47,90949.37,-8,-140.66666667,578,null,4,
98731005,01-Aug-1968,null,NUKU-HIVA,TAIOHAE SDR,TAIOHAE VILLAGE SDR,"8°54'34""S","140°5'18""W",-8.909333,-140.088333,19312,89899,19312.34,89898.63,-8.90944444,-140.08833333,20,null,4,
98731006,01-Jun-1975,01-Jun-2004,NUKU-HIVA,TOOVII-PLATEAU,TOOVII PLATEAU,"8°51'24""S","140°8'48""W",-8.856667,-140.146667,19249,89961,19248.72,89960.62,-8.85666667,-140.14666667,816,null,4,
98731007,01-Jan-1978,null,NUKU-HIVA,NUKUATAHA AERO,NUKU-A-TAHA AERODROME,"8°47'37""S","140°13'14""W",-8.793500,-140.220667,19168,90035,19167.85,90035.07,-8.79361111,-140.22055556,64,NTMD,2,
98731600,01-Jun-2008,null,NUKU-HIVA,EIAO,EIAO,"8°0'0""S","140°30'0""W",-8.000000,-140.500000,18882,90944,18882.40,90943.61,-8,-140.5,0,null,7,
98731601,20-Aug-2010,null,NUKU-HIVA,PT-OUEST-MARQUISES,PT-OUEST-MARQUISES,"7°30'0""S","142°30'0""W",-7.500000,-142.500000,16649,91569,16648.60,91569.17,-7.5,-142.5,0,null,7,
98732001,01-Apr-1998,null,NUKUTAVAKE,NUKUTAVAKE,TAVAVA,"19°16'42""S","138°46'12""W",-19.278333,-138.770000,20075,78056,20074.70,78056.31,-19.27833333,-138.77,3,null,4,
98732600,01-Jun-2008,null,NUKUTAVAKE,EST TUAMOTU,VAHITAHI - EST TUAMOTU,"18°30'0""S","138°30'0""W",-18.500000,-138.500000,20440,78915,20439.54,78915.21,-18.5,-138.5,0,null,7,
98733001,01-Mar-1947,31-Oct-2007,PAEA,PAEA 1,GENDARMERIE PAEA PK 20,"17°40'30""S","149°35'12""W",-17.675000,-149.586667,8622,80425,8621.91,80424.68,-17.675,-149.58666667,4,null,4,
98733002,01-Jan-1971,18-Dec-2010,PAEA,PAEA 2,MARAA,"17°43'54""S","149°34'42""W",-17.731667,-149.578333,8630,80362,8629.62,80361.74,-17.73166667,-149.57833333,4,null,4,
98733003,01-Nov-2012,null,PAEA,PAEA 3,Marae Arahurahu,"17°41'46""S","149°34'55""W",-17.696167,-149.581833,8627,80401,8626.62,80401.14,-17.69611111,-149.58194444,5,null,2,
98734001,01-Feb-1948,01-Jul-2006,PAPARA,PAPARA 1,PAPAO,"17°45'12""S","149°33'12""W",-17.753333,-149.553333,8656,80337,8655.73,80337.25,-17.75333333,-149.55333333,3,null,4,
98734002,01-Jan-1950,31-Dec-2004,PAPARA,PAPARA 2,GOLF D'ATIMAONO,"17°46'30""S","149°27'30""W",-17.775000,-149.458333,8756,80311,8756.14,80311.36,-17.775,-149.45833333,5,null,4,
98734003,01-Jan-1975,31-Jul-1981,PAPARA,PAPARA 3,PAPARA PK38,"17°46'18""S","149°28'42""W",-17.771667,-149.478333,8735,80315,8734.98,80315.45,-17.77166667,-149.47833333,1,null,4,
98734004,01-Jan-1976,31-Dec-1990,PAPARA,PAPARA 4,PAPARA PK38,"17°46'18""S","149°28'54""W",-17.771667,-149.481667,8731,80316,8731.44,80315.52,-17.77166667,-149.48166667,2,null,4,
98734005,01-Jan-1991,null,PAPARA,PAPARA 5,SDR ATIMAONO,"17°46'14""S","149°28'14""W",-17.770667,-149.470500,8743,80316,8743.31,80316.41,-17.77055556,-149.47055556,5,null,4,
98734006,01-Dec-2009,null,PAPARA,PAPARA 6,Apomaoro,"17°45'24""S","149°30'55""W",-17.756667,-149.515333,2333,80349,2332.76,80349.25,-17.75666667,-149.51527778,8,null,4,
98734007,25-Jun-2015,null,PAPARA,PAPARA 7,Golf d'Atimaono,"17°46'29""S","149°27'39""W",-17.774833,-149.460833,8753,80312,8753.49,80311.60,-17.77472222,-149.46083333,8,null,1,
98734008,01-Jan-1998,null,PAPARA,TAHARUU P7,null,"17°45'19""S","149°28'55""W",-17.755167,-149.482000,8731,80334,8731.43,80333.81,-17.75527778,-149.48194444,200,null,3,
98734009,26-Aug-2019,null,PAPARA,PAPARA 8,Tiama'o,"17°44'55""S","149°33'45""W",-17.748500,-149.562500,8646,80343,8646.09,80342.78,-17.74861111,-149.5625,1,null,1,
98735001,01-Jan-1935,31-Aug-1948,PAPEETE,PAPEETE 1,MONT FAIERE,"17°33'1""S","149°34'3""W",-17.550167,-149.567500,8645,80563,8644.78,80562.63,-17.55027778,-149.5675,92,null,4,
98735002,01-May-1938,null,PAPEETE,PAPEETE 2,Mission catholique,"17°32'47""S","149°33'31""W",-17.546333,-149.558500,8654,80567,8654.42,80566.70,-17.54638889,-149.55861111,39,null,2,
98735003,01-Jan-2010,null,PAPEETE,PAPEETE3,mission Pure Ora,"17°32'48""S","149°33'26""W",-17.546667,-149.557167,8656,80566,8655.83,80566.30,-17.54666667,-149.55722222,75,null,4,
98735004,15-Feb-2012,null,PAPEETE,PAPEETE,null,"17°34'12""S","149°34'12""W",-17.570000,-149.570000,8642,80541,8641.73,80540.70,-17.57,-149.57,320,null,6,
98735005,12-Oct-2012,null,PAPEETE,FAUTAUA,null,"17°33'42""S","149°32'20""W",-17.561667,-149.539000,8675,80549,8674.84,80549.33,-17.56166667,-149.53888889,81,null,3,
98735006,01-Oct-1987,null,PAPEETE,VAIAMI P2,null,"17°34'9""S","149°33'32""W",-17.569167,-149.558833,8654,80541,8653.61,80541.41,-17.56916667,-149.55888889,470,null,3,
98736001,01-Aug-1948,null,PIRAE,PIRAE 1,HIPPODROME NAHOATA,"17°32'9""S","149°32'21""W",-17.535833,-149.539167,8675,80578,8675.19,80577.96,-17.53583333,-149.53916667,34,null,2,
98736003,01-Mar-2001,30-Nov-2014,PIRAE,PIRAE 3,FARE RAU APE,"17°34'0""S","149°31'36""W",-17.566667,-149.526667,8688,80544,8687.85,80543.55,-17.56666667,-149.52666667,600,null,4,
98736004,01-Mar-2015,31-Dec-2017,PIRAE,PIRAE 4,Le maraÃƒÂ®cher Bio,"17°33'49""S","149°32'5""W",-17.563500,-149.534667,8679,80547,8679.41,80547.22,-17.56361111,-149.53472222,370,null,4,
98736005,13-Sep-2016,null,PIRAE,NAHOATA,VallÃƒÂ©e de Nahoata,"17°32'33""S","149°31'19""W",-17.542500,-149.522000,8693,80570,8693.30,80570.24,-17.5425,-149.52194444,100,null,5,
98736006,01-Apr-1932,01-Apr-1949,PIRAE,HAMUTA,null,"17°31'24""S","149°32'21""W",-17.523333,-149.539167,8675,80592,8675.44,80591.81,-17.52333333,-149.53916667,4,null,4,
98736007,01-Apr-1992,null,PIRAE,FAUTAUA P4,null,"17°34'13""S","149°31'34""W",-17.570333,-149.526167,8688,80539,8688.30,80539.48,-17.57027778,-149.52611111,650,null,3,
98737001,01-Jan-1952,31-Dec-1987,PUKAPUKA,PUKAPUKA METEO,TAROKEA,"14°47'54""S","138°49'6""W",-14.798333,-138.818333,20399,83145,20399.18,83145.45,-14.79833333,-138.81833333,2,null,0,
98737002,01-Jun-2002,null,PUKAPUKA,PUKAPUKA,TEONEMAHINA VILLAGE,"14°48'48""S","138°50'48""W",-14.813333,-138.846667,20367,83130,20366.76,83130.42,-14.81333333,-138.84666667,2,null,4,
98738001,01-Mar-1948,31-Dec-1978,PUNAAUIA,PUNAAUIA 1,TAAPUNA,"17°36'30""S","149°36'42""W",-17.608333,-149.611667,8597,80499,8596.68,80499.03,-17.60833333,-149.61166667,4,null,4,
98738002,01-Jan-1976,30-Jun-1981,PUNAAUIA,PUNAAUIA 2,ANUE,"17°37'18""S","149°36'42""W",-17.621667,-149.611667,8596,80484,8596.42,80484.25,-17.62166667,-149.61166667,3,null,4,
98738003,01-Aug-1977,null,PUNAAUIA,PUNAAUIA 3,PUNAVAI MONTAGNE,"17°37'11""S","149°35'44""W",-17.619667,-149.595667,8613,80486,8613.46,80486.16,-17.61972222,-149.59555556,250,null,4,
98738004,01-Jan-1979,30-Sep-1994,PUNAAUIA,PUNAAUIA 4,TAAPUNA,"17°36'42""S","149°36'42""W",-17.611667,-149.611667,8597,80495,8596.62,80495.33,-17.61166667,-149.61166667,4,null,4,
98738006,01-May-1997,null,PUNAAUIA,PUNAAUIA 6,PUNARUU,"17°38'4""S","149°35'53""W",-17.634333,-149.598167,8611,80470,8610.51,80469.96,-17.63444444,-149.59805556,10,null,2,
98738007,01-Jul-1998,null,PUNAAUIA,PUNAAUIA 7,TE MARUATA,"17°38'28""S","149°35'20""W",-17.641167,-149.589000,8620,80462,8620.11,80462.21,-17.64111111,-149.58888889,300,null,2,
98738008,01-Apr-2002,31-Jul-2014,PUNAAUIA,PUNAAUIA 8,TERUAMAO,"17°36'9""S","149°36'35""W",-17.602500,-149.609667,8599,80505,8598.93,80505.45,-17.6025,-149.60972222,15,null,4,
98738009,12-Oct-2012,null,PUNAAUIA,TAAPUNA,null,"17°36'8""S","149°36'37""W",-17.602333,-149.610333,8598,80506,8598.22,80505.65,-17.60222222,-149.61027778,2,null,3,
98738010,01-Oct-2001,null,PUNAAUIA,VAIRAA P1,null,"17°39'34""S","149°35'41""W",-17.659333,-149.594667,8614,80442,8613.73,80442.20,-17.65944444,-149.59472222,4,null,3,
98738011,01-Sep-1991,null,PUNAAUIA,PUNARUU P1,null,"17°38'8""S","149°32'59""W",-17.635500,-149.549833,8662,80468,8661.84,80467.74,-17.63555556,-149.54972222,600,null,3,
98739001,01-Aug-1948,01-Feb-2024,RAIVAVAE,RAIRUA,Rairua,"23°52'14""S","147°41'25""W",-23.870667,-147.690167,10412,73499,10411.54,73498.90,-23.87055556,-147.69027778,3,null,4,
98739002,01-Oct-2002,null,RAIVAVAE,ANATONU,ANATONU VILLAGE,"23°51'10""S","147°38'22""W",-23.852667,-147.639333,10464,73517,10464.21,73516.93,-23.85277778,-147.63944444,3,null,4,
98739003,21-Aug-2023,null,RAIVAVAE,RAIRUA 1,null,"23°52'51""S","147°39'36""W",-23.880833,-147.660000,10442,73486,10441.92,73486.45,-23.88083333,-147.66,1,null,2,
98739600,01-Jun-2008,null,RAIVAVAE,RAIVAVAE,RAIVAVAE,"24°0'0""S","147°30'0""W",-24.000000,-147.500000,10600,73348,10600.14,73347.83,-24,-147.5,0,null,7,
98739601,20-Aug-2010,null,RAIVAVAE,PT-EST-AUSTRALES,PT-EST-AUSTRALES,"22°30'0""S","147°30'0""W",-22.500000,-147.500000,10663,75014,10663.46,75013.72,-22.5,-147.5,0,null,7,
98740001,01-Jan-1933,30-Sep-1966,RANGIROA,MAKATEA,VAITEPAUA VILLAGE,"15°49'12""S","148°16'24""W",-15.820000,-148.273333,10067,82452,10066.77,82452.47,-15.82,-148.27333333,56,null,4,
98740002,01-Aug-1951,null,RANGIROA,RANGIROA AERO,AERODROME,"14°57'20""S","147°39'34""W",-14.955667,-147.659500,10750,83396,10750.12,83396.27,-14.95555556,-147.65944444,7,NTTG,2,
98740003,01-Jul-1979,30-Jun-1994,RANGIROA,MATAIVA,PAHUE VILLAGE,"14°52'18""S","148°42'42""W",-14.871667,-148.711667,9617,83514,9616.97,83514.08,-14.87166667,-148.71166667,3,null,4,
98740004,23-Aug-2006,null,RANGIROA,TIKEHAU,MOTU TIANOA,"15°6'24""S","148°11'57""W",-15.106667,-148.199167,10164,83242,10164.15,83242.08,-15.10666667,-148.19916667,3,null,4,
98740600,01-Jun-2008,null,RANGIROA,NORD-OUEST-TUAMOTU,TIKEHAU-NORD-OUEST-TUAMOTU,"14°30'0""S","148°0'0""W",-14.500000,-148.000000,10394,83911,10393.91,83910.52,-14.5,-148,0,null,7,
98740601,01-Jun-2008,null,RANGIROA,MAKATEA,MAKATEA,"15°30'0""S","148°30'0""W",-15.500000,-148.500000,9831,82813,9830.89,82812.73,-15.5,-148.5,0,null,7,
98741001,01-Jan-1937,null,RAPA,RAPA,AHUREI VILLAGE,"27°37'6""S","144°20'5""W",-27.618333,-144.334833,13569,69148,13568.73,69148.46,-27.61833333,-144.33472222,2,null,0,
98741002,01-Sep-2014,null,RAPA,RAPA 1,Tukou - Aniani,"27°35'52""S","144°20'43""W",-27.597667,-144.345333,13560,69172,13559.92,69172.23,-27.59777778,-144.34527778,20,null,4,
98741600,01-Jun-2008,null,RAPA,MAROTIRI,MAROTIRI,"28°0'0""S","143°30'0""W",-28.000000,-143.500000,14365,68661,14365.14,68660.87,-28,-143.5,0,null,7,
98741601,20-Aug-2010,null,RAPA,PT-OUEST-RAPA,PT-OUEST-RAPA,"27°30'0""S","147°30'0""W",-27.500000,-147.500000,10438,69461,10437.54,69460.66,-27.5,-147.5,0,null,7,
98741602,20-Aug-2010,null,RAPA,PT-RAPA,PT-RAPA,"27°30'0""S","142°30'0""W",-27.500000,-142.500000,15405,69138,15405.11,69137.93,-27.5,-142.5,0,null,7,
98741603,20-Aug-2010,null,RAPA,PT-EST-RAPA,PT-EST-RAPA,"27°30'0""S","137°30'0""W",-27.500000,-137.500000,20418,68603,20418.34,68602.82,-27.5,-137.5,0,null,7,
98742001,01-Jan-1954,31-Dec-1991,REAO,REAO METEO,METEO REAO,"18°28'12""S","136°27'54""W",-18.470000,-136.465000,22656,78754,22655.66,78754.46,-18.47,-136.465,7,null,0,
98742003,01-Apr-2002,null,REAO,REAO,TAPUARAVA VILLAGE,"18°28'6""S","136°27'42""W",-18.468333,-136.461667,22659,78756,22659.48,78756.03,-18.46833333,-136.46166667,2,null,4,
98743001,01-Jan-1958,30-Jun-1973,RIMATARA,AMARU,AMARU VILLAGE,"22°38'54""S","152°47'30""W",-22.648333,-152.791667,5214,74954,5214.06,74953.61,-22.64833333,-152.79166667,6,null,4,
98743002,01-Jun-1981,31-May-2017,RIMATARA,AMARU,Pension UEUE,"22°38'59""S","152°47'44""W",-22.649833,-152.795667,5210,74952,5209.95,74951.96,-22.64972222,-152.79555556,5,null,4,
98743003,01-Dec-2012,null,RIMATARA,MOORERE,Moorere,"22°38'17""S","152°48'16""W",-22.638000,-152.804500,5201,74965,5200.89,74965.07,-22.63805556,-152.80444444,17,null,1,
98743600,01-Jun-2008,null,RIMATARA,RIMATARA,RIMATARA,"22°30'0""S","153°30'0""W",-22.500000,-153.500000,4486,75117,4485.70,75117.10,-22.5,-153.5,0,null,7,
98743601,20-Aug-2010,null,RIMATARA,PT-OUEST-AUSTRALES,PT-OUEST-AUSTRALES,"22°30'0""S","152°30'0""W",-22.500000,-152.500000,5514,75117,5514.30,75117.10,-22.5,-152.5,0,null,7,
98744001,01-Mar-1948,31-Oct-1975,RURUTU,MOERAI,MOERAI VILLAGE,"22°27'12""S","151°20'6""W",-22.453333,-151.335000,6713,75160,6713.35,75160.11,-22.45333333,-151.335,3,null,4,
98744002,01-Jan-1978,null,RURUTU,RURUTU-AERO,MOERAI AERODROME,"22°25'56""S","151°22'5""W",-22.432167,-151.368000,6680,75184,6679.64,75183.92,-22.43222222,-151.36805556,5,NTAR,4,
98744003,01-Dec-1982,null,RURUTU,HAUTI,HAUTI VILLAGE,"22°29'11""S","151°19'32""W",-22.486500,-151.325500,6723,75123,6722.72,75123.27,-22.48638889,-151.32555556,3,null,4,
98744004,01-Dec-1982,31-Dec-1989,RURUTU,AVERA,AVERA VILLAGE,"22°28'54""S","151°20'60""W",-22.481667,-151.350000,6698,75129,6697.57,75128.91,-22.48166667,-151.35,4,null,4,
98744005,11-Mar-2011,null,RURUTU,MOERAI 2,PEVA,"22°27'47""S","151°19'21""W",-22.463000,-151.322500,6726,75149,6726.10,75149.26,-22.46305556,-151.3225,5,null,2,
98745001,01-Jan-1975,31-Dec-2021,TAHAA,HAAMENE,Tevairoa,"16°38'41""S","151°28'34""W",-16.644833,-151.476000,6625,81591,6625.45,81590.93,-16.64472222,-151.47611111,2,null,4,
98745002,01-Aug-1982,null,TAHAA,PATIO,Taipiti camping,"16°34'39""S","151°30'52""W",-16.577500,-151.514500,6585,81666,6584.93,81665.75,-16.5775,-151.51444444,1,null,4,
98745003,01-Apr-2000,null,TAHAA,VAITOARE,Taiahoe 8,"16°40'46""S","151°27'44""W",-16.679500,-151.462167,6640,81552,6639.91,81552.46,-16.67944444,-151.46222222,2,null,4,
98745004,01-Jun-2003,29-Mar-2010,TAHAA,RUUTIA,BAIE DE HUREPITI,"16°39'12""S","151°31'12""W",-16.653333,-151.520000,6578,81582,6578.44,81581.88,-16.65333333,-151.52,3,null,4,
98745005,01-Jan-2005,null,TAHAA,FAAAHA,Tevainui,"16°37'32""S","151°27'34""W",-16.625500,-151.459500,6643,81612,6643.21,81612.19,-16.62555556,-151.45944444,6,null,4,
98745006,01-Jan-2006,30-Jun-2021,TAHAA,TAPUAMU,ParÃƒÂ®pari,"16°35'24""S","151°31'48""W",-16.590000,-151.530000,6568,81652,6568.29,81652.04,-16.59,-151.53,40,null,4,
98745007,11-Dec-2008,01-Jan-2023,TAHAA,HIPU,Vaima pK 15 Fare Vanira,"16°35'57""S","151°27'30""W",-16.599167,-151.458333,6645,81641,6644.68,81641.32,-16.59916667,-151.45833333,3,null,4,
98745008,01-Jan-2011,null,TAHAA,POTORU,Potoru,"16°40'16""S","151°30'13""W",-16.671167,-151.503500,6596,81562,6595.89,81562.01,-16.67111111,-151.50361111,3,null,4,
98745009,01-Jul-2021,31-Aug-2021,TAHAA,TAPUAMU 1,Fare Hotu,"16°37'8""S","151°32'51""W",-16.619000,-151.547500,6549,81620,6549.38,81620.08,-16.61888889,-151.5475,2,null,4,
98746001,01-Dec-1982,null,TAHUATA,HANATETENA,HANATETENA VILLAGE,"9°57'12""S","139°4'42""W",-9.953333,-139.078333,20404,88669,20404.36,88669.02,-9.95333333,-139.07833333,150,null,4,
98746002,01-Nov-1982,null,TAHUATA,VAITAHU,VAITAHU VILLAGE,"9°56'36""S","139°6'18""W",-9.943333,-139.105000,20375,88682,20374.78,88681.68,-9.94333333,-139.105,10,null,4,
98747001,01-Aug-1948,31-Jan-1961,TAIARAPU-EST,AFAAHITI 1,INCONNU,"17°46'0""S","149°16'18""W",-17.766667,-149.271667,8955,80317,8954.52,80316.75,-17.76666667,-149.27166667,348,null,4,
98747002,01-Aug-1948,null,TAIARAPU-EST,PUEU 1,PUEU PK6,"17°44'42""S","149°12'41""W",-17.745000,-149.211500,9019,80339,9018.89,80339.49,-17.745,-149.21138889,4,null,4,
98747003,01-Oct-1949,01-Aug-2004,TAIARAPU-EST,FAAONE 1,POINTE POIHAHI,"17°40'48""S","149°18'24""W",-17.680000,-149.306667,8919,80414,8919.24,80413.53,-17.68,-149.30666667,3,null,4,
98747004,01-May-1950,null,TAIARAPU-EST,AFAAHITI 2,PLATEAU DE TARAVAO PK7,"17°46'18""S","149°15'54""W",-17.771667,-149.265000,8961,80311,8961.49,80311.07,-17.77166667,-149.265,450,null,2,
98747005,01-Oct-1959,null,TAIARAPU-EST,AFAAHITI 3,LycÃƒÂ©e agricole DOOM,"17°43'55""S","149°19'6""W",-17.732000,-149.318333,8906,80356,8905.72,80356.15,-17.73194444,-149.31833333,10,null,2,
98747007,01-Jan-1961,null,TAIARAPU-EST,AFAAHITI 4,PLATEAU DE TARAVAO PK 5,"17°45'24""S","149°16'18""W",-17.756667,-149.271667,8955,80328,8954.74,80327.84,-17.75666667,-149.27166667,232,null,4,
98747008,01-Jan-1972,31-Mar-1990,TAIARAPU-EST,AFAAHITI 5,TARAVAO 2,"17°43'60""S","149°19'6""W",-17.733333,-149.318333,8906,80355,8905.69,80354.67,-17.73333333,-149.31833333,2,null,4,
98747009,01-Feb-1982,30-Jun-1989,TAIARAPU-EST,TAUTIRA 1,MATA HIVA,"17°45'24""S","149°10'30""W",-17.756667,-149.175000,9057,80326,9057.40,80325.77,-17.75666667,-149.175,4,null,4,
98747010,01-Nov-1987,31-Aug-1988,TAIARAPU-EST,TAUTIRA 2,TAUTIRA VILLAGE,"17°45'12""S","149°9'42""W",-17.753333,-149.161667,9072,80329,9071.63,80329.17,-17.75333333,-149.16166667,2,null,4,
98747011,01-Jun-1968,null,TAIARAPU-EST,TAIARAPU-EST,Mairie de Tautira,"17°44'44""S","149°9'32""W",-17.745667,-149.158833,9075,80338,9074.82,80337.61,-17.74555556,-149.15888889,2,null,0,
98747013,01-Feb-2003,01-Jan-2025,TAIARAPU-EST,FAAONE 2,UTURAUFEA,"17°41'34""S","149°18'16""W",-17.692667,-149.304500,8921,80399,8921.27,80399.45,-17.69277778,-149.30444444,3,null,4,
98747014,01-Feb-2003,null,TAIARAPU-EST,AFAAHITI 6,CET PAIHORO,"17°43'49""S","149°20'4""W",-17.730333,-149.334500,8889,80358,8888.58,80358.33,-17.73027778,-149.33444444,15,null,3,
98747015,01-Sep-2006,null,TAIARAPU-EST,FAAONE3,UTUOFAI,"17°39'37""S","149°18'52""W",-17.660333,-149.314500,8911,80435,8911.34,80435.49,-17.66027778,-149.31444444,10,null,4,
98747016,25-Jun-2015,null,TAIARAPU-EST,AFAAHITI 7,Plateau de Taravao,"17°44'56""S","149°17'31""W",-17.749000,-149.292000,8933,80337,8933.31,80336.76,-17.74888889,-149.29194444,120,null,1,
98747017,01-Jun-1999,null,TAIARAPU-EST,AHAVINI P1,null,"17°45'3""S","149°13'44""W",-17.750833,-149.228833,9000,80333,9000.36,80333.39,-17.75083333,-149.22888889,10,null,3,
98747018,01-Sep-1989,null,TAIARAPU-EST,TARAVAO P2,null,"17°47'4""S","149°14'50""W",-17.784500,-149.247167,8980,80296,8980.14,80296.47,-17.78444444,-149.24722222,750,null,3,
98747019,01-Aug-2003,null,TAIARAPU-EST,VAITEHORO P1,null,"17°45'47""S","149°14'43""W",-17.763000,-149.245167,8983,80320,8982.74,80320.25,-17.76305556,-149.24527778,128,null,3,
98747020,01-Apr-1975,null,TAIARAPU-EST,TARAVAO P1,null,"17°46'37""S","149°15'8""W",-17.777000,-149.252167,8975,80305,8975.00,80304.89,-17.77694444,-149.25222222,630,null,3,
98747800,01-Nov-2015,31-Mar-2016,TAIARAPU-EST,TAIARAPU-EST-DOUBLE,SOCIETE,"17°44'44""S","149°9'32""W",-17.745667,-149.158833,9075,80338,9074.82,80337.61,-17.74555556,-149.15888889,2,null,5,
98748001,01-Sep-1948,null,TAIARAPU-OUEST,VAIRAO 1,IFREMER,"17°48'20""S","149°17'35""W",-17.805500,-149.293167,8931,80274,8930.84,80274.17,-17.80555556,-149.29305556,2,null,1,
98748002,01-Oct-1959,null,TAIARAPU-OUEST,TEAHUPOO 1,AHUATOA,"17°50'48""S","149°16'0""W",-17.846667,-149.266667,8958,80228,8958.06,80227.98,-17.84666667,-149.26666667,3,null,4,
98748003,01-Oct-1968,null,TAIARAPU-OUEST,TEAHUPOO 2,POINTE FAEAMAHORA AHIAHI,"17°51'29""S","149°14'58""W",-17.858167,-149.249333,8976,80215,8976.20,80214.87,-17.85805556,-149.24944444,2,null,4,
98748005,01-Dec-1982,30-Jun-1984,TAIARAPU-OUEST,TOAHOTU 1,POINTE RIRI,"17°46'48""S","149°18'36""W",-17.780000,-149.310000,8914,80303,8913.52,80302.78,-17.78,-149.31,1,null,4,
98748006,01-Aug-1982,30-Jun-1984,TAIARAPU-OUEST,TOAHOTU 2,HOTEL PLATEAU DE PUUNUI,"17°46'48""S","149°16'48""W",-17.780000,-149.280000,8945,80302,8945.37,80302.15,-17.78,-149.28,410,null,4,
98748007,01-Aug-1982,30-Jun-1984,TAIARAPU-OUEST,TOAHOTU 3,RESIDENCE PLATEAU DE PUUNUI,"17°46'48""S","149°15'54""W",-17.780000,-149.265000,8961,80302,8961.30,80301.83,-17.78,-149.265,510,null,4,
98748009,01-Sep-1999,01-Jul-2024,TAIARAPU-OUEST,VAIRAO 2,VAIRUIA,"17°49'6""S","149°17'42""W",-17.818333,-149.295000,8929,80260,8928.61,80259.98,-17.81833333,-149.295,2,null,4,
98748010,01-Oct-1999,null,TAIARAPU-OUEST,AIVARO P1,null,"17°50'58""S","149°14'12""W",-17.849500,-149.236667,8990,80224,8989.84,80224.20,-17.84944444,-149.23666667,40,null,3,
98748011,01-Sep-1997,null,TAIARAPU-OUEST,AOMA P3,null,"17°46'10""S","149°17'7""W",-17.769500,-149.285333,8940,80314,8939.94,80313.90,-17.76944444,-149.28527778,300,null,3,
98748012,04-Oct-2021,null,TAIARAPU-OUEST,TEAHUPOO,FAARIINENEVA,"17°51'34""S","149°14'48""W",-17.859333,-149.246667,8979,80214,8979.00,80213.52,-17.85944444,-149.24666667,10,null,1,
98749001,01-Aug-1951,null,TAKAROA,TAKAROA,AÃƒÂ©rodrome,"14°27'25""S","145°1'31""W",-14.456833,-145.025167,13620,83867,13619.70,83866.84,-14.45694444,-145.02527778,2,NTKR,0,
98749002,01-Feb-1976,31-Dec-1978,TAKAROA,TAKAPOTO,FAKATOPATERE VILLAGE,"14°42'6""S","145°15'6""W",-14.701667,-145.251667,13364,83602,13364.19,83602.34,-14.70166667,-145.25166667,3,null,4,
98749600,01-Jun-2008,null,TAKAROA,NORD TUAMOTU,TEKAPOTO-NORD TUAMOTU,"14°30'0""S","145°30'0""W",-14.500000,-145.500000,13102,83836,13102.21,83836.23,-14.5,-145.5,0,null,7,
98749800,01-Aug-2011,11-Mar-2014,TAKAROA,TAKAROA_DOUBLE,TEAVAROA VILLAGE,"14°28'28""S","145°2'17""W",-14.474500,-145.038000,13605,83848,13605.06,83847.62,-14.47444444,-145.03805556,2,null,5,
98750003,01-Mar-1991,null,TAPUTAPUATEA,OPOA,Fainu,"16°49'35""S","151°22'22""W",-16.826500,-151.372833,6734,81389,6733.86,81389.03,-16.82638889,-151.37277778,2,null,2,
98750005,01-Feb-1994,30-Jun-1996,TAPUTAPUATEA,AVERA 1,BAIE DE FAAROA PK 18.5,"16°49'30""S","151°25'18""W",-16.825000,-151.421667,6682,81391,6681.83,81391.11,-16.825,-151.42166667,6,null,4,
98750006,01-Jul-1999,31-Aug-2011,TAPUTAPUATEA,AVERA 2,FAAHARATO,"16°45'42""S","151°25'30""W",-16.761667,-151.425000,6679,81461,6678.83,81461.22,-16.76166667,-151.425,2,null,4,
98750007,01-Nov-2001,31-Aug-2011,TAPUTAPUATEA,AVERA 3,AVERA-RAHI TEHORO,"16°48'18""S","151°25'12""W",-16.805000,-151.420000,6684,81413,6683.78,81413.23,-16.805,-151.42,8,null,4,
98750008,01-Jul-1978,31-Aug-1981,TAPUTAPUATEA,AVERA 4,BAIE DE FAAROA,"16°49'12""S","151°24'0""W",-16.820000,-151.400000,6705,81396,6704.96,81396.46,-16.82,-151.4,31,null,4,
98750009,01-Nov-2015,01-Jan-2024,TAPUTAPUATEA,AVERA 5,Baie de Faaroa,"16°49'12""S","151°25'11""W",-16.820000,-151.419833,6684,81397,6683.83,81396.63,-16.82,-151.41972222,4,null,4,
98751001,01-May-2004,null,TATAKOTO,TATAKOTO,null,"17°20'51""S","138°27'6""W",-17.347500,-138.451667,20597,80220,20596.50,80220.12,-17.3475,-138.45166667,2,null,4,
98751600,20-Aug-2010,null,TATAKOTO,PT-EST-TUAMOTU,PT-EST-TUAMOTU,"17°30'0""S","137°30'0""W",-17.500000,-137.500000,21623,79963,21622.53,79962.90,-17.5,-137.5,0,null,7,
98752001,01-Aug-1922,null,TEVA I UTA,PAPEARI 1,RESTAURANT GAUGUIN PK51,"17°45'32""S","149°22'37""W",-17.758833,-149.376833,8843,80328,8843.01,80327.62,-17.75888889,-149.37694444,2,null,2,
98752002,01-Apr-1967,30-Apr-1993,TEVA I UTA,PAPEARI 2,ANSE TIOPI PK 56.5,"17°44'30""S","149°20'12""W",-17.741667,-149.336667,8886,80346,8886.04,80345.82,-17.74166667,-149.33666667,1,null,4,
98752003,01-Apr-1969,01-Feb-2008,TEVA I UTA,MATAEIA 1,BAIE TEHORO,"17°46'18""S","149°26'18""W",-17.771667,-149.438333,8777,80315,8777.44,80314.65,-17.77166667,-149.43833333,2,null,4,
98752004,01-Jun-1982,30-Jun-2002,TEVA I UTA,MATAIEA 2,VAITE,"17°43'30""S","149°23'12""W",-17.725000,-149.386667,8833,80365,8833.29,80365.32,-17.725,-149.38666667,100,null,3,
98752005,01-Jan-1989,null,TEVA I UTA,MATAIEA 3,LAC VAIHIRIA,"17°41'24""S","149°25'5""W",-17.690000,-149.418000,8801,80405,8800.76,80404.74,-17.69,-149.41805556,250,null,3,
98752006,01-Jul-1993,null,TEVA I UTA,PAPEARI 3,ANSE TIOPI,"17°44'29""S","149°20'32""W",-17.741333,-149.342167,8880,80346,8880.20,80346.30,-17.74138889,-149.34222222,20,null,4,
98752008,01-Feb-2003,null,TEVA I UTA,MATAIEA 4,OTIAROA,"17°45'51""S","149°24'3""W",-17.764167,-149.400833,8817,80322,8817.42,80322.20,-17.76416667,-149.40083333,5,null,4,
98752009,01-Jul-2006,null,TEVA I UTA,PAPEARI4,PK51,"17°45'40""S","149°22'46""W",-17.761000,-149.379333,8840,80325,8840.31,80325.27,-17.76111111,-149.37944444,2,null,4,
98752010,08-Oct-2013,null,TEVA I UTA,TITAAVIRI 2,null,"17°41'20""S","149°23'28""W",-17.688833,-149.391000,8829,80405,8829.46,80405.48,-17.68888889,-149.39111111,300,null,3,
98752011,01-Oct-1987,null,TEVA I UTA,VAIHIRIA P2,null,"17°41'6""S","149°25'1""W",-17.685000,-149.416833,8802,80410,8802.10,80410.25,-17.685,-149.41694444,460,null,3,
98752012,01-Dec-2002,null,TEVA I UTA,VAIPAHI P1,null,"17°44'53""S","149°23'14""W",-17.748000,-149.387167,8832,80340,8832.27,80339.84,-17.74805556,-149.38722222,200,null,3,
98752013,01-Oct-1987,null,TEVA I UTA,PAPEARI P1,Jardin botanique,"17°45'32""S","149°22'11""W",-17.758833,-149.369667,8851,80327,8850.62,80327.48,-17.75888889,-149.36972222,2,null,3,
98753001,01-Aug-1948,null,TUBUAI,MATAURA 1,Pharmacie,"23°20'41""S","149°28'38""W",-23.344833,-149.477167,8603,74139,8602.74,74138.80,-23.34472222,-149.47722222,2,null,2,
98753002,01-Nov-1980,null,TUBUAI,TUBUAI AERO,MATAURA AERODROME,"23°22'14""S","149°31'46""W",-23.370667,-149.529333,8549,74111,8548.65,74111.46,-23.37055556,-149.52944444,3,NTAT,2,
98753003,01-Dec-1982,01-Apr-2011,TUBUAI,MAHU,MAHU VILLAGE,"23°23'24""S","149°26'56""W",-23.390000,-149.449000,8630,74088,8630.33,74088.02,-23.39,-149.44888889,2,null,4,
98753004,01-Dec-1982,28-Feb-2019,TUBUAI,TAAHUAIA,TAAHUAIA TEUO,"23°21'34""S","149°26'19""W",-23.359333,-149.438667,8642,74122,8641.75,74121.76,-23.35944444,-149.43861111,3,null,4,
98753005,01-Apr-1993,31-Dec-1994,TUBUAI,TUBUAI- SMA,MATAURA HUAHINE SMA,"23°22'0""S","149°31'60""W",-23.366667,-149.533333,8545,74116,8544.66,74115.99,-23.36666667,-149.53333333,200,null,4,
98753006,01-Mar-2010,30-Sep-2021,TUBUAI,MATAURA,Huahine,"23°22'58""S","149°29'35""W",-23.382667,-149.493167,8585,74097,8585.34,74097.26,-23.38277778,-149.49305556,200,null,4,
98754004,01-Jul-1999,01-Jan-2025,TUMARAA,FETUNA 2,BAIE DE FAATEMU,"16°53'30""S","151°26'7""W",-16.891667,-151.435167,6667,81317,6666.85,81317.45,-16.89166667,-151.43527778,16,null,4,
98754005,01-Nov-2002,null,TUMARAA,VAIAAU 2,MARAHI,"16°51'33""S","151°28'50""W",-16.859167,-151.480500,6619,81354,6618.83,81353.79,-16.85916667,-151.48055556,3,null,4,
98754006,01-Aug-1982,31-Jul-1990,TUMARAA,FETUNA,POINTE TAURERE,"16°54'36""S","151°28'12""W",-16.910000,-151.470000,6630,81297,6629.58,81297.46,-16.91,-151.47,2,null,4,
98754007,01-Jan-1987,30-Jun-1989,TUMARAA,VAIAAU,BAIE DE TEHURUI,"16°50'30""S","151°28'36""W",-16.841667,-151.476667,6623,81373,6623.07,81373.13,-16.84166667,-151.47666667,50,null,4,
98754008,01-Oct-2014,null,TUMARAA,TEVAITOA,Vai-Huaru,"16°46'8""S","151°29'34""W",-1512934,-16.768833,-151.492667,6607,81454,6606.63,-16.76888889,-151.49277778,81453.85,2,null,4
98755001,01-Dec-1956,31-Mar-1996,TUREIA,TUREIA-METEO,TUAMOTU,"20°46'0""S","138°33'0""W",-20.766667,-138.550000,20163,76348,20162.69,76348.33,-20.76666667,-138.55,0,NTGY,0,
98755002,01-Feb-1964,null,TUREIA,MORUROA,METEO MURU,"21°48'38""S","138°49'22""W",-21.810500,-138.822833,19763,75193,19763.49,75192.81,-21.81055556,-138.82277778,3,NTTX,1,
98755003,01-Apr-1970,31-Aug-1996,TUREIA,TEMATANGI,TEMATANGI VILLAGE,"21°37'24""S","140°38'54""W",-21.623333,-140.648333,17856,75572,17856.42,75572.13,-21.62333333,-140.64833333,5,null,0,
98755004,01-Apr-2003,01-Jan-2025,TUREIA,TUREIA,FAKAMARU VILLAGE,"20°46'28""S","138°33'55""W",-20.774333,-138.565167,20146,76341,20145.72,76341.12,-20.77444444,-138.56527778,2,null,4,
98755600,01-Jun-2008,null,TUREIA,TUREIA-TUAMOTU,TUREIA-TUAMOTU,"22°0'0""S","140°30'0""W",-22.000000,-140.500000,17978,75135,17977.66,75135.23,-22,-140.5,0,null,7,
98755601,20-Aug-2010,null,TUREIA,PT-SUD-EST-TUAMOTU,PT-SUD-EST-TUAMOTU,"22°30'0""S","137°30'0""W",-22.500000,-137.500000,21083,74271,21082.67,74271.25,-22.5,-137.5,0,null,7,
98756001,01-Jan-1961,31-Jan-2016,UA-HUKA,VAIPAEE,VAIPAEE VILLAGE,"8°56'2""S","139°34'25""W",-8.933833,-139.573667,19892,89850,19891.78,89849.77,-8.93388889,-139.57361111,5,null,4,
98756002,01-Oct-1974,30-Jun-1989,UA-HUKA,UA-HUKA - AERO,UA-HUKA AERODROME,"8°56'12""S","139°33'6""W",-8.936667,-139.551667,19917,89846,19916.50,89845.63,-8.93666667,-139.55166667,46,null,4,
98756003,01-Nov-1983,null,UA-HUKA,HANE,HANE VILLAGE,"8°55'26""S","139°32'8""W",-8.924000,-139.535500,19935,89859,19935.29,89859.34,-8.92388889,-139.53555556,15,null,4,
98756004,01-Oct-1997,30-Apr-2015,UA-HUKA,VAIPAEE 1,Papua Keikaha,"8°55'20""S","139°33'50""W",-8.922167,-139.563833,19903,89863,19903.38,89862.61,-8.92222222,-139.56388889,100,null,4,
98756005,01-Oct-2014,01-Nov-2025,UA-HUKA,HOKATU,Pou-Au,"8°55'11""S","139°31'30""W",-8.919833,-139.525000,19947,89864,19947.32,89863.63,-8.91972222,-139.525,90,null,4,
98756006,01-Nov-2017,26-Nov-2025,UA-HUKA,HOKATU 1,Hae Hutu,"8°55'49""S","139°31'32""W",-8.930167,-139.525500,19946,89852,19946.32,89851.91,-8.93027778,-139.52555556,12,null,4,
98756600,20-Aug-2010,null,UA-HUKA,PT-EST-MARQUISES,PT-EST-MARQUISES,"7°30'0""S","137°30'0""W",-7.500000,-137.500000,22308,91398,22308.16,91398.34,-7.5,-137.5,0,null,7,
98757001,01-Oct-1959,30-Apr-2019,UA-POU,HAKAHAU 1,Puokeu,"9°21'55""S","140°3'3""W",-9.365333,-140.050833,19336,89380,19335.72,89380.42,-9.36527778,-140.05083333,25,null,4,
98757002,01-Jan-1978,null,UA-POU,HAKAHETAU,HAKAHETAU,"9°21'35""S","140°6'10""W",-9.359833,-140.102833,19277,89389,19277.44,89388.84,-9.35972222,-140.10277778,30,null,4,
98757003,01-Nov-1983,null,UA-POU,HOHOI,HOHOI VILLAGE,"9°25'38""S","140°3'0""W",-9.427333,-140.050000,19334,89310,19334.02,89310.14,-9.42722222,-140.05,30,null,4,
98757004,01-Aug-1997,null,UA-POU,HAKAHAU - KOKO,HAKAHAU KOKOMOVAI,"9°22'55""S","140°3'37""W",-9.382000,-140.060167,19325,89362,19324.51,89361.93,-9.38194444,-140.06027778,170,null,4,
98757005,01-Dec-2001,31-Aug-2005,UA-POU,HAKATAO,HAKATAO VILLAGE,"9°27'12""S","140°5'6""W",-9.453333,-140.085000,19294,89282,19293.53,89282.16,-9.45333333,-140.085,15,null,4,
98758001,01-Jan-1933,31-Dec-1982,UTUROA,UTUROA 1,VILLE UTUROA (POSTE),"16°43'49""S","151°26'30""W",-16.730333,-151.441667,6661,81496,6661.33,81496.04,-16.73027778,-151.44166667,2,null,4,
98758002,01-Jan-1953,01-May-1981,UTUROA,MOPELIA-002,SOCIETE,"16°46'0""S","153°56'60""W",-16.766667,-153.950000,3987,81460,3987.47,81459.93,-16.76666667,-153.95,2,null,5,
98758006,01-Aug-1982,30-Apr-1989,UTUROA,UTUROA 2,VILLE UTUROA (ECOLE),"16°43'60""S","151°26'60""W",-16.733333,-151.450000,6652,81493,6652.42,81492.79,-16.73333333,-151.45,3,null,4,
98758007,01-Sep-1982,30-Apr-1989,UTUROA,UTUROA 3,VILLE UTUROA (USINE ELEC),"16°43'60""S","151°27'18""W",-16.733333,-151.455000,6647,81493,6647.09,81492.83,-16.73333333,-151.455,4,null,4,
98758009,01-Aug-1982,null,UTUROA,UTUROA 4,VILLE UTUROA (VAITAHE),"16°43'25""S","151°27'8""W",-16.723500,-151.452167,6650,81504,6650.20,81503.69,-16.72361111,-151.45222222,8,null,4,
98758010,06-Mar-2017,null,UTUROA,RAIATEA-AERO,Motu Tapu,"16°43'18""S","151°27'59""W",-16.721667,-151.466333,6635,81506,6635.11,81505.83,-16.72166667,-151.46638889,2,null,2,
98758600,01-Jun-2008,null,UTUROA,SUD-RAIATEA,SUD-RAIATEA,"17°0'0""S","151°30'0""W",-17.000000,-151.500000,6597,81198,6596.87,81198.11,-17,-151.5,0,null,7,
98799001,01-Jul-1966,null,ILE DE CLIPPERTON,CLIPPERTON,ILE DE CLIPPERTON,"10°17'30""S","109°13'54""W",10.291667,-109.231667,6937,11382,6936.63,11382.07,-10.29166667,-109.23166667,1,null,5,
